CS,effect_index,coverage,log_bayes_factor,SNP,POS,PIP
1,0,0.9507256741867057,19.98064742665861,9:62538597:T:A,62538597,0.011862138475044914
1,0,0.9507256741867057,19.98064742665861,9:62543593:C:T,62543593,0.007909345238437115
1,0,0.9507256741867057,19.98064742665861,9:62543614:G:T,62543614,0.008159108135025739
1,0,0.9507256741867057,19.98064742665861,9:62545755:G:A,62545755,0.03528589774598512
1,0,0.9507256741867057,19.98064742665861,9:62562739:T:G,62562739,0.04296886093665875
1,0,0.9507256741867057,19.98064742665861,9:62564418:T:G,62564418,0.010602173804198256
1,0,0.9507256741867057,19.98064742665861,9:62564477:A:G,62564477,0.020136096809113768
1,0,0.9507256741867057,19.98064742665861,9:62565637:G:A,62565637,0.015035845870481235
1,0,0.9507256741867057,19.98064742665861,9:62581725:T:C,62581725,0.12990800788343893
1,0,0.9507256741867057,19.98064742665861,9:62581782:T:G,62581782,0.027385969132319277
1,0,0.9507256741867057,19.98064742665861,9:62581797:A:G,62581797,0.018798319183512935
1,0,0.9507256741867057,19.98064742665861,9:62581819:A:G,62581819,0.010464037027589579
1,0,0.9507256741867057,19.98064742665861,9:62582752:A:C,62582752,0.02161760762056808
1,0,0.9507256741867057,19.98064742665861,9:62587311:T:C,62587311,0.06903711303016669
1,0,0.9507256741867057,19.98064742665861,9:62589553:A:C,62589553,0.03988908209321618
1,0,0.9507256741867057,19.98064742665861,9:62596430:T:C,62596430,0.014059233052346909
1,0,0.9507256741867057,19.98064742665861,9:62596435:G:A,62596435,0.014059233052346909
1,0,0.9507256741867057,19.98064742665861,9:62597809:G:C,62597809,0.009919213024464302
1,0,0.9507256741867057,19.98064742665861,9:62598079:A:G,62598079,0.0072584760485870925
1,0,0.9507256741867057,19.98064742665861,9:62598563:A:G,62598563,0.018586815997894912
1,0,0.9507256741867057,19.98064742665861,9:62600294:T:C,62600294,0.032931582252899605
1,0,0.9507256741867057,19.98064742665861,9:62615390:T:C,62615390,0.012340011157050412
1,0,0.9507256741867057,19.98064742665861,9:62620720:A:G,62620720,0.05680441489968224
1,0,0.9507256741867057,19.98064742665861,9:62624474:G:T,62624474,0.007519621451442804
1,0,0.9507256741867057,19.98064742665861,9:62626219:T:G,62626219,0.08023710201982392
1,0,0.9507256741867057,19.98064742665861,9:62642551:T:C,62642551,0.04200198174774461
1,0,0.9507256741867057,19.98064742665861,9:62643407:G:C,62643407,0.01419995744439595
1,0,0.9507256741867057,19.98064742665861,9:62648203:G:T,62648203,0.018677475234040286
1,0,0.9507256741867057,19.98064742665861,9:62649644:G:T,62649644,0.12352067553020052
1,0,0.9507256741867057,19.98064742665861,9:62664063:A:T,62664063,0.007844066976230635
1,0,0.9507256741867057,19.98064742665861,9:62669008:T:G,62669008,0.013475405915429617
1,0,0.9507256741867057,19.98064742665861,9:62672015:A:C,62672015,0.006163980414088277
1,0,0.9507256741867057,19.98064742665861,9:62673410:A:G,62673410,0.012822777730854384
1,0,0.9507256741867057,19.98064742665861,9:62674314:G:A,62674314,0.03367510440472832
1,0,0.9507256741867057,19.98064742665861,9:62689747:G:C,62689747,0.006561513087779192
1,0,0.9507256741867057,19.98064742665861,9:62690702:T:A,62690702,0.006162246538399363
1,0,0.9507256741867057,19.98064742665861,9:62718611:A:G,62718611,0.011539524079205332
